Date,Close
11/19/2015 23:58:00,454.097675
11/20/2015 23:58:00,445.5607114
11/22/2015 23:58:00,447.8676756
11/23/2015 23:58:00,449.365998
11/24/2015 23:58:00,442.422744
11/25/2015 23:58:00,453.5650549
11/26/2015 23:58:00,488.5946791
11/27/2015 23:58:00,498.2125602
11/30/2015 23:58:00,521.2444875
12/1/2015 23:58:00,495.3965804
12/2/2015 23:58:00,493.06932
12/3/2015 23:58:00,493.8164117
12/4/2015 23:58:00,496.3384151
12/7/2015 23:58:00,543.9746498
12/8/2015 23:58:00,580.0400254
12/9/2015 23:58:00,578.4777289
12/10/2015 23:58:00,571.7350012
12/11/2015 23:58:00,630.6563264
12/14/2015 23:58:00,612.1739033
12/15/2015 23:58:00,644.872887
12/16/2015 23:58:00,630.0763122
12/17/2015 23:58:00,639.3876275
12/18/2015 23:58:00,645.9378083
12/21/2015 23:58:00,606.9418164
12/22/2015 23:58:00,600.1825228
12/23/2015 23:58:00,611.9359937
12/24/2015 23:58:00,626.9637967
12/25/2015 23:58:00,626.1536758
12/28/2015 23:58:00,581.664965
12/29/2015 23:58:00,595.3074933
12/30/2015 23:58:00,587.7623641
12/31/2015 23:58:00,591.9610569
1/1/2016 23:58:00,598.1873196
1/3/2016 23:58:00,592.8267087
1/4/2016 23:58:00,603.9951237
1/5/2016 23:58:00,605.138943
1/6/2016 23:58:00,608.9171174
1/7/2016 23:58:00,654.2812542
1/8/2016 23:58:00,653.7951025
1/10/2016 23:58:00,648.521988
1/11/2016 23:58:00,643.0684894
1/12/2016 23:58:00,621.5235864
1/13/2016 23:58:00,624.1361335
1/14/2016 23:58:00,614.94333
1/15/2016 23:58:00,521.332727
1/17/2016 23:58:00,551.9320609
1/18/2016 23:58:00,559.839825
1/19/2016 23:58:00,542.8464432
1/20/2016 23:58:00,603.6924695
1/21/2016 23:58:00,583.7443577
1/22/2016 23:58:00,546.8903265
1/23/2016 23:58:00,553.4131625
1/24/2016 23:58:00,575.6537442
1/25/2016 23:58:00,564.3021242
1/26/2016 23:58:00,559.1030668
1/27/2016 23:58:00,562.9077683
1/28/2016 23:58:00,535.9299815
1/29/2016 23:58:00,534.6696524
1/31/2016 23:58:00,520.7254156
2/1/2016 23:58:00,522.4111804
2/2/2016 23:58:00,530.6342654
2/3/2016 23:58:00,515.6998101
2/4/2016 23:58:00,538.994544
2/5/2016 23:58:00,544.378176
2/6/2016 23:58:00,531.0324728
2/7/2016 23:58:00,532.8392146
2/8/2016 23:58:00,524.5792967
2/9/2016 23:58:00,527.650779
2/10/2016 23:58:00,532.9014213
2/11/2016 23:58:00,531.2217656
2/12/2016 23:58:00,537.8939257
2/14/2016 23:58:00,571.6151228
2/15/2016 23:58:00,558.4406352
2/16/2016 23:58:00,572.4601381
2/17/2016 23:58:00,578.9179272
2/18/2016 23:58:00,589.2085876
2/19/2016 23:58:00,588.6003223
2/20/2016 23:58:00,611.9177356
2/21/2016 23:58:00,614.1778435
2/22/2016 23:58:00,605.0191996
2/23/2016 23:58:00,583.940147
2/24/2016 23:58:00,589.5424103
2/25/2016 23:58:00,585.4851779
2/26/2016 23:58:00,604.7440759
2/28/2016 23:58:00,608.8289696
2/29/2016 23:58:00,611.4314908
3/1/2016 23:58:00,603.3432366
3/2/2016 23:58:00,577.0462315
3/3/2016 23:58:00,569.3309592
3/4/2016 23:58:00,547.8812691
3/6/2016 23:58:00,544.1981873
3/7/2016 23:58:00,553.0048598
3/8/2016 23:58:00,553.4051061
3/9/2016 23:58:00,552.83208
3/10/2016 23:58:00,557.7634551
3/11/2016 23:58:00,554.7850288
3/13/2016 23:58:00,545.6538171
3/14/2016 23:58:00,552.0496435
3/15/2016 23:58:00,556.7748538
3/16/2016 23:58:00,551.5973132
3/17/2016 23:58:00,547.2271419
3/18/2016 23:58:00,538.8712249
3/19/2016 23:58:00,539.5947186
3/20/2016 23:58:00,541.6434125
3/21/2016 23:58:00,544.397436
3/22/2016 23:58:00,546.9412488
3/23/2016 23:58:00,554.3708646
3/24/2016 23:58:00,548.8580392
3/25/2016 23:58:00,554.9096316
3/27/2016 23:58:00,566.8925772
3/28/2016 23:58:00,560.042271
3/29/2016 23:58:00,545.3697172
3/30/2016 23:58:00,539.0306761
3/31/2016 23:58:00,542.6241847
4/1/2016 23:58:00,544.1372144
4/2/2016 23:58:00,547.5938025
4/3/2016 23:58:00,548.1537609
4/4/2016 23:58:00,552.1085113
4/5/2016 23:58:00,560.0105028
4/6/2016 23:58:00,553.8380572
4/7/2016 23:58:00,561.836642
4/8/2016 23:58:00,555.6612456
4/9/2016 23:58:00,555.2081619
4/10/2016 23:58:00,559.7936526
4/11/2016 23:58:00,558.3518727
4/12/2016 23:58:00,556.8860832
4/13/2016 23:58:00,555.7321523
4/14/2016 23:58:00,554.1729416
4/15/2016 23:58:00,558.3439349
4/17/2016 23:58:00,564.505267
4/18/2016 23:58:00,554.701487
4/19/2016 23:58:00,560.6347814
4/20/2016 23:58:00,567.8242225
4/21/2016 23:58:00,584.158662
4/22/2016 23:58:00,581.5949445
4/24/2016 23:58:00,602.5527827
4/25/2016 23:58:00,604.3166824
4/26/2016 23:58:00,607.6046314
4/27/2016 23:58:00,585.8569609
4/28/2016 23:58:00,591.9013459
4/29/2016 23:58:00,603.2023952
4/30/2016 23:58:00,597.1588854
5/1/2016 23:58:00,600.1362966
5/2/2016 23:58:00,582.6263133
5/3/2016 23:58:00,603.1717165
5/4/2016 23:58:00,601.0849303
5/5/2016 23:58:00,602.140737
5/6/2016 23:58:00,627.6436137
5/8/2016 23:58:00,627.682077
5/9/2016 23:58:00,634.7049163
5/10/2016 23:58:00,614.43876
5/11/2016 23:58:00,617.770085
5/12/2016 23:58:00,624.0323534
5/13/2016 23:58:00,630.2445972
5/15/2016 23:58:00,634.5844713
5/16/2016 23:58:00,625.3910717
5/17/2016 23:58:00,621.3269239
5/18/2016 23:58:00,630.6198634
5/19/2016 23:58:00,606.4185064
5/20/2016 23:58:00,617.0897724
5/22/2016 23:58:00,612.44586
5/23/2016 23:58:00,617.2712224
5/24/2016 23:58:00,621.7778406
5/25/2016 23:58:00,628.3869424
5/26/2016 23:58:00,629.9773952
5/27/2016 23:58:00,655.962598
5/29/2016 23:58:00,731.4019388
5/30/2016 23:58:00,740.372312
5/31/2016 23:58:00,734.5339801
6/1/2016 23:58:00,738.015554
6/2/2016 23:58:00,744.250719
6/3/2016 23:58:00,775.60669
6/5/2016 23:58:00,783.2900879
6/6/2016 23:58:00,795.9869508
6/7/2016 23:58:00,778.8658922
6/8/2016 23:58:00,778.3392353
6/9/2016 23:58:00,778.9404136
6/10/2016 23:58:00,786.8608989
6/12/2016 23:58:00,919.6309704
6/13/2016 23:58:00,956.717681
6/14/2016 23:58:00,931.5244655
6/15/2016 23:58:00,942.7681211
6/16/2016 23:58:00,1042.610669
6/17/2016 23:58:00,1017.529443
6/19/2016 23:58:00,1035.087676
6/20/2016 23:58:00,942.772827
6/21/2016 23:58:00,896.1873324
6/22/2016 23:58:00,804.81921
6/23/2016 23:58:00,838.2251267
6/24/2016 23:58:00,896.9296951
6/26/2016 23:58:00,859.7814492
6/27/2016 23:58:00,894.3913696
6/28/2016 23:58:00,876.1378662
6/29/2016 23:58:00,856.2358124
6/30/2016 23:58:00,904.4014344
7/1/2016 23:58:00,904.6634122
7/2/2016 23:58:00,940.1833556
7/3/2016 23:58:00,889.4768311
7/4/2016 23:58:00,906.044529
7/5/2016 23:58:00,900.2898729
7/6/2016 23:58:00,903.0900463
7/7/2016 23:58:00,857.1024926
7/8/2016 23:58:00,881.9646825
7/9/2016 23:58:00,868.9349463
7/10/2016 23:58:00,863.3464495
7/11/2016 23:58:00,863.8020376
7/12/2016 23:58:00,876.6370489
7/13/2016 23:58:00,862.8455469
7/14/2016 23:58:00,869.2876797
7/15/2016 23:58:00,880.8359771
7/16/2016 23:58:00,879.3978085
7/17/2016 23:58:00,896.09244
7/18/2016 23:58:00,892.0078825
7/19/2016 23:58:00,897.7898865
7/20/2016 23:58:00,892.9291842
7/21/2016 23:58:00,889.1018885
7/22/2016 23:58:00,877.0797297
7/24/2016 23:58:00,884.446423
7/25/2016 23:58:00,880.0098801
7/26/2016 23:58:00,870.5008811
7/27/2016 23:58:00,874.6002309
7/28/2016 23:58:00,875.2840542
7/29/2016 23:58:00,864.780849
7/30/2016 23:58:00,863.5545148
7/31/2016 23:58:00,826.3847051
8/1/2016 23:58:00,804.0917176
8/2/2016 23:58:00,707.6625628
8/3/2016 23:58:00,755.573808
8/4/2016 23:58:00,769.170275
8/5/2016 23:58:00,765.493575
8/7/2016 23:58:00,782.0086037
8/8/2016 23:58:00,772.2173606
8/9/2016 23:58:00,765.3506776
8/10/2016 23:58:00,771.4467992
8/11/2016 23:58:00,764.1342587
8/12/2016 23:58:00,768.5282362
8/14/2016 23:58:00,751.1295616
8/15/2016 23:58:00,739.8201497
8/16/2016 23:58:00,752.149296
8/17/2016 23:58:00,749.7290562
8/18/2016 23:58:00,747.7855222
8/19/2016 23:58:00,752.3343584
8/21/2016 23:58:00,764.2917178
8/22/2016 23:58:00,767.0725524
8/23/2016 23:58:00,765.014109
8/24/2016 23:58:00,760.3438603
8/25/2016 23:58:00,755.0372103
8/26/2016 23:58:00,766.2054492
8/27/2016 23:58:00,754.9792838
8/28/2016 23:58:00,762.8797288
8/29/2016 23:58:00,756.5328757
8/30/2016 23:58:00,764.2660863
8/31/2016 23:58:00,761.9838023
9/1/2016 23:58:00,759.0669875
9/2/2016 23:58:00,761.3768121
9/3/2016 23:58:00,793.9090719
9/4/2016 23:58:00,809.0218796
9/5/2016 23:58:00,797.8524207
9/6/2016 23:58:00,797.7482509
9/7/2016 23:58:00,802.3082804
9/8/2016 23:58:00,820.9288537
9/9/2016 23:58:00,825.3873588
9/10/2016 23:58:00,827.5701233
9/11/2016 23:58:00,805.9120133
9/12/2016 23:58:00,801.9822578
9/13/2016 23:58:00,814.9726116
9/14/2016 23:58:00,813.6260596
9/15/2016 23:58:00,806.0174284
9/16/2016 23:58:00,811.5579772
9/17/2016 23:58:00,811.4254754
9/18/2016 23:58:00,815.4168432
9/19/2016 23:58:00,807.6219376
9/20/2016 23:58:00,801.5879056
9/21/2016 23:58:00,782.263428
9/22/2016 23:58:00,779.6751449
9/23/2016 23:58:00,791.1818024
9/24/2016 23:58:00,790.9850009
9/25/2016 23:58:00,790.184041
9/26/2016 23:58:00,795.5230957
9/27/2016 23:58:00,789.7949603
9/28/2016 23:58:00,786.7879656
9/29/2016 23:58:00,794.5322746
9/30/2016 23:58:00,795.3476388
10/1/2016 23:58:00,804.1404822
10/2/2016 23:58:00,801.3082528
10/3/2016 23:58:00,797.7065676
10/4/2016 23:58:00,802.0020185
10/5/2016 23:58:00,804.523557
10/6/2016 23:58:00,807.6877188
10/7/2016 23:58:00,814.556966
10/9/2016 23:58:00,812.5654697
10/10/2016 23:58:00,814.2014904
10/11/2016 23:58:00,849.1735203
10/12/2016 23:58:00,841.4928608
10/13/2016 23:58:00,840.4531248
10/14/2016 23:58:00,837.7933648
10/15/2016 23:58:00,836.1631795
10/16/2016 23:58:00,845.232112
10/17/2016 23:58:00,837.2518333
10/18/2016 23:58:00,827.7636322
10/19/2016 23:58:00,815.2933849
10/20/2016 23:58:00,822.9163296
10/21/2016 23:58:00,829.318767
10/22/2016 23:58:00,856.1775792
10/23/2016 23:58:00,856.4170784
10/24/2016 23:58:00,856.3635995
10/25/2016 23:58:00,855.3834018
10/26/2016 23:58:00,881.506402
10/27/2016 23:58:00,911.1647725
10/28/2016 23:58:00,908.3785107
10/29/2016 23:58:00,940.2131925
10/30/2016 23:58:00,918.043325
10/31/2016 23:58:00,916.2499719
11/1/2016 23:58:00,955.8754348
11/2/2016 23:58:00,973.15497
11/3/2016 23:58:00,898.03983
11/4/2016 23:58:00,920.7184917
11/5/2016 23:58:00,921.5197525
11/6/2016 23:58:00,934.2275856
11/7/2016 23:58:00,915.3952836
11/8/2016 23:58:00,918.3115507
11/9/2016 23:58:00,942.7273945
11/10/2016 23:58:00,936.8065146
11/11/2016 23:58:00,950.8839727
11/12/2016 23:58:00,933.0281013
11/13/2016 23:58:00,932.7843855
11/14/2016 23:58:00,936.0640046
11/15/2016 23:58:00,943.1303677
11/16/2016 23:58:00,987.4274852
11/17/2016 23:58:00,987.859271
11/18/2016 23:58:00,1020.740582
11/19/2016 23:58:00,1022.846795
11/20/2016 23:58:00,999.7263223
11/21/2016 23:58:00,998.3455804
11/22/2016 23:58:00,1007.978306
11/23/2016 23:58:00,1005.655356
11/24/2016 23:58:00,995.1448294
11/25/2016 23:58:00,994.7683239
11/26/2016 23:58:00,988.4453208
11/27/2016 23:58:00,979.7135212
11/28/2016 23:58:00,973.805088
11/29/2016 23:58:00,978.6850726
11/30/2016 23:58:00,1005.346774
12/1/2016 23:58:00,1016.089646
12/2/2016 23:58:00,1032.023492
12/4/2016 23:58:00,1031.856004
12/5/2016 23:58:00,1006.491088
12/6/2016 23:58:00,1016.984702
12/7/2016 23:58:00,1021.107029
12/8/2016 23:58:00,1029.770437
12/9/2016 23:58:00,1038.422088
12/10/2016 23:58:00,1041.435559
12/11/2016 23:58:00,1035.396782
12/12/2016 23:58:00,1039.084928
12/13/2016 23:58:00,1035.817643
12/14/2016 23:58:00,1049.557931
12/15/2016 23:58:00,1053.634095
12/16/2016 23:58:00,1069.469326
12/17/2016 23:58:00,1079.936363
12/18/2016 23:58:00,1084.618763
12/19/2016 23:58:00,1090.772141
12/20/2016 23:58:00,1099.431013
12/21/2016 23:58:00,1153.547709
12/22/2016 23:58:00,1185.590268
12/23/2016 23:58:00,1279.195202
12/24/2016 23:58:00,1243.37505
12/25/2016 23:58:00,1248.581918
12/26/2016 23:58:00,1256.65467
12/27/2016 23:58:00,1286.893987
12/28/2016 23:58:00,1367.295553
12/29/2016 23:58:00,1341.959244
12/30/2016 23:58:00,1334.772624
12/31/2016 23:58:00,1351.527165
1/1/2017 23:58:00,1379.422027
1/2/2017 23:58:00,1406.118801
1/3/2017 23:58:00,1412.164309
1/4/2017 23:58:00,1551.969718
1/5/2017 23:58:00,1372.402034
1/6/2017 23:58:00,1227.638628
1/7/2017 23:58:00,1245.888126
1/8/2017 23:58:00,1263.277946
1/9/2017 23:58:00,1227.023649
1/10/2017 23:58:00,1232.336365
1/11/2017 23:58:00,1068.793116
1/12/2017 23:58:00,1084.894708
1/13/2017 23:58:00,1109.106797
1/14/2017 23:58:00,1104.441048
1/15/2017 23:58:00,1111.464711
1/16/2017 23:58:00,1116.73012
1/17/2017 23:58:00,1200.01512
1/18/2017 23:58:00,1183.197835
1/19/2017 23:58:00,1193.627734
1/20/2017 23:58:00,1184.422375
1/21/2017 23:58:00,1225.40663
1/22/2017 23:58:00,1229.836179
1/23/2017 23:58:00,1201.181425
1/24/2017 23:58:00,1168.42736
1/25/2017 23:58:00,1183.134848
1/26/2017 23:58:00,1217.498109
1/27/2017 23:58:00,1222.624989
1/28/2017 23:58:00,1225.300656
1/29/2017 23:58:00,1213.49346
1/30/2017 23:58:00,1220.44451
1/31/2017 23:58:00,1280.371489
2/1/2017 23:58:00,1309.575242
2/2/2017 23:58:00,1317.403092
2/3/2017 23:58:00,1325.192698
2/4/2017 23:58:00,1348.007981
2/5/2017 23:58:00,1324.143001
2/6/2017 23:58:00,1337.510098
2/7/2017 23:58:00,1382.985232
2/8/2017 23:58:00,1384.764138
2/9/2017 23:58:00,1303.904001
2/10/2017 23:58:00,1305.745272
2/11/2017 23:58:00,1327.230663
2/12/2017 23:58:00,1316.95516
2/13/2017 23:58:00,1312.316325
2/14/2017 23:58:00,1322.135457
2/15/2017 23:58:00,1314.055779
2/16/2017 23:58:00,1349.727472
2/17/2017 23:58:00,1379.134718
2/18/2017 23:58:00,1384.809927
2/19/2017 23:58:00,1382.175729
2/20/2017 23:58:00,1417.725041
2/21/2017 23:58:00,1469.968932
2/22/2017 23:58:00,1466.637873
2/23/2017 23:58:00,1539.009314
2/24/2017 23:58:00,1547.792359
2/25/2017 23:58:00,1509.384678
2/26/2017 23:58:00,1544.942533
2/27/2017 23:58:00,1557.976604
2/28/2017 23:58:00,1563.973709
3/1/2017 23:58:00,1606.45626
3/2/2017 23:58:00,1676.621798
3/3/2017 23:58:00,1702.094147
3/4/2017 23:58:00,1677.600641
3/5/2017 23:58:00,1684.131447
3/6/2017 23:58:00,1693.337977
3/7/2017 23:58:00,1629.327188
3/8/2017 23:58:00,1528.185742
3/9/2017 23:58:00,1594.846702
3/10/2017 23:58:00,1470.756862
3/12/2017 23:58:00,1638.417382
3/13/2017 23:58:00,1646.187797
3/14/2017 23:58:00,1648.979467
3/15/2017 23:58:00,1639.067091
3/16/2017 23:58:00,1532.224753
3/17/2017 23:58:00,1388.258007
3/18/2017 23:58:00,1261.54223
3/19/2017 23:58:00,1323.153252
3/20/2017 23:58:00,1352.208543
3/21/2017 23:58:00,1452.334432
3/22/2017 23:58:00,1349.239638
3/23/2017 23:58:00,1343.054366
3/24/2017 23:58:00,1226.47652
3/25/2017 23:58:00,1264.557726
3/26/2017 23:58:00,1274.932335
3/27/2017 23:58:00,1366.01682
3/28/2017 23:58:00,1366.214442
3/29/2017 23:58:00,1360.212296
3/30/2017 23:58:00,1362.357142
3/31/2017 23:58:00,1427.865175
4/2/2017 23:58:00,1460.528895
4/3/2017 23:58:00,1516.379001
4/4/2017 23:58:00,1511.594026
4/5/2017 23:58:00,1497.257614
4/6/2017 23:58:00,1581.068491
4/7/2017 23:58:00,1591.893336
4/8/2017 23:58:00,1579.964277
4/9/2017 23:58:00,1613.271187
4/10/2017 23:58:00,1612.688
4/11/2017 23:58:00,1631.333872
4/12/2017 23:58:00,1610.688781
4/13/2017 23:58:00,1556.058922
4/14/2017 23:58:00,1548.734671
4/15/2017 23:58:00,1556.442728
4/16/2017 23:58:00,1553.97378
4/17/2017 23:58:00,1567.526748
4/18/2017 23:58:00,1590.161812
4/19/2017 23:58:00,1619.831421
4/20/2017 23:58:00,1644.187045
4/21/2017 23:58:00,1657.635488
4/23/2017 23:58:00,1656.956718
4/24/2017 23:58:00,1663.961707
4/25/2017 23:58:00,1700.051917
4/26/2017 23:58:00,1735.974028
4/27/2017 23:58:00,1807.084156
4/28/2017 23:58:00,1807.512783
4/29/2017 23:58:00,1823.733848
4/30/2017 23:58:00,1850.30985
5/1/2017 23:58:00,1907.702166
5/2/2017 23:58:00,1951.593781
5/3/2017 23:58:00,2063.979078
5/4/2017 23:58:00,2109.438352
5/5/2017 23:58:00,2091.912537
5/7/2017 23:58:00,2170.664492
5/8/2017 23:58:00,2318.624298
5/9/2017 23:58:00,2343.366735
5/10/2017 23:58:00,2439.838362
5/11/2017 23:58:00,2492.1081
5/12/2017 23:58:00,2295.520209
5/14/2017 23:58:00,2435.017472
5/15/2017 23:58:00,2355.82416
5/16/2017 23:58:00,2395.589782
5/17/2017 23:58:00,2440.284825
5/18/2017 23:58:00,2560.204419
5/19/2017 23:58:00,2650.770657
5/20/2017 23:58:00,2761.41215
5/21/2017 23:58:00,2760.590679
5/22/2017 23:58:00,2842.497158
5/23/2017 23:58:00,3041.932691
5/24/2017 23:58:00,3245.214601
5/25/2017 23:58:00,3158.825085
5/26/2017 23:58:00,3052.324735
5/27/2017 23:58:00,2820.290769
5/28/2017 23:58:00,2999.474229
5/29/2017 23:58:00,3064.350553
5/30/2017 23:58:00,2938.128577
5/31/2017 23:58:00,3101.905135
6/1/2017 23:58:00,3279.872946
6/2/2017 23:58:00,3331.527055
6/3/2017 23:58:00,3425.256981
6/4/2017 23:58:00,3394.398549
6/5/2017 23:58:00,3603.769862
6/6/2017 23:58:00,3823.745704
6/7/2017 23:58:00,3562.799566
6/8/2017 23:58:00,3720.174834
6/9/2017 23:58:00,3734.92318
6/10/2017 23:58:00,3895.732842
6/11/2017 23:58:00,3984.825698
6/12/2017 23:58:00,3518.754668
6/13/2017 23:58:00,3595.712317
6/14/2017 23:58:00,3205.251465
6/15/2017 23:58:00,3177.421261
6/16/2017 23:58:00,3256.395319
6/17/2017 23:58:00,3458.833039
6/18/2017 23:58:00,3300.332467
6/19/2017 23:58:00,3420.993963
6/20/2017 23:58:00,3597.225503
6/21/2017 23:58:00,3501.077424
6/22/2017 23:58:00,3554.127698
6/23/2017 23:58:00,3555.395364
6/24/2017 23:58:00,3402.72058
6/25/2017 23:58:00,3311.231266
6/26/2017 23:58:00,3175.026783
6/27/2017 23:58:00,3395.397437
6/28/2017 23:58:00,3343.793179
6/29/2017 23:58:00,3292.3396
6/30/2017 23:58:00,3194.07452
7/1/2017 23:58:00,3152.483402
7/2/2017 23:58:00,3273.704044
7/3/2017 23:58:00,3316.734016
7/4/2017 23:58:00,3418.510202
7/5/2017 23:58:00,3443.639345
7/6/2017 23:58:00,3436.734726
7/7/2017 23:58:00,3290.077739
7/8/2017 23:58:00,3368.994221
7/9/2017 23:58:00,3299.434754
7/10/2017 23:58:00,3065.032375
7/11/2017 23:58:00,3024.244301
7/12/2017 23:58:00,3104.016052
7/13/2017 23:58:00,3023.41104
7/14/2017 23:58:00,2831.000856
7/16/2017 23:58:00,2443.293075
7/17/2017 23:58:00,2869.268699
7/18/2017 23:58:00,2915.285776
7/19/2017 23:58:00,2838.104676
7/20/2017 23:58:00,3615.6223
7/21/2017 23:58:00,3358.248796
7/22/2017 23:58:00,3569.963142
7/23/2017 23:58:00,3475.65072
7/24/2017 23:58:00,3485.938972
7/25/2017 23:58:00,3232.188656
7/26/2017 23:58:00,3157.762832
7/27/2017 23:58:00,3342.518402
7/28/2017 23:58:00,3489.432873
7/29/2017 23:58:00,3381.602593
7/30/2017 23:58:00,3411.811094
7/31/2017 23:58:00,3571.945636
8/1/2017 23:58:00,3434.884758
8/2/2017 23:58:00,3394.819161
8/3/2017 23:58:00,3502.42295
8/4/2017 23:58:00,3604.065806
8/6/2017 23:58:00,4063.738197
8/7/2017 23:58:00,4292.807251
8/8/2017 23:58:00,4335.479565
8/9/2017 23:58:00,4236.270269
8/10/2017 23:58:00,4379.582404
8/11/2017 23:58:00,4632.784444
8/12/2017 23:58:00,4908.14493
8/13/2017 23:58:00,5137.688328
8/14/2017 23:58:00,5501.355171
8/15/2017 23:58:00,5315.928787
8/16/2017 23:58:00,5509.546917
8/17/2017 23:58:00,5435.137618
8/18/2017 23:58:00,5175.472363
8/19/2017 23:58:00,5243.957418
8/20/2017 23:58:00,5110.498077
8/21/2017 23:58:00,5042.015748
8/22/2017 23:58:00,5171.236356
8/23/2017 23:58:00,5237.893439
8/24/2017 23:58:00,5458.400423
8/25/2017 23:58:00,5498.17364
8/26/2017 23:58:00,5477.64448
8/27/2017 23:58:00,5466.338164
8/28/2017 23:58:00,5533.80476
8/29/2017 23:58:00,5780.611872
8/30/2017 23:58:00,5797.03862
8/31/2017 23:58:00,5975.333993
9/1/2017 23:58:00,6209.979797
9/2/2017 23:58:00,5830.70616
9/3/2017 23:58:00,5808.84309
9/4/2017 23:58:00,5661.875303
9/5/2017 23:58:00,5536.34683
9/6/2017 23:58:00,5765.179515
9/7/2017 23:58:00,5739.046677
9/8/2017 23:58:00,5401.3776
9/9/2017 23:58:00,5379.61692
9/10/2017 23:58:00,5281.779128
9/11/2017 23:58:00,5248.308779
9/12/2017 23:58:00,5195.255358
9/13/2017 23:58:00,4831.772317
9/14/2017 23:58:00,4062.388924
9/15/2017 23:58:00,4674.437816
9/17/2017 23:58:00,4651.997323
9/18/2017 23:58:00,5144.0937
9/19/2017 23:58:00,4886.413635
9/20/2017 23:58:00,4830.17027
9/21/2017 23:58:00,4561.864805
9/22/2017 23:58:00,4550.094416
9/24/2017 23:58:00,4608.727848
9/25/2017 23:58:00,4938.926719
9/26/2017 23:58:00,4932.253848
9/27/2017 23:58:00,5350.3842
9/28/2017 23:58:00,5339.830542
9/29/2017 23:58:00,5298.632477
10/1/2017 23:58:00,5601.765459
10/2/2017 23:58:00,5612.53921
10/3/2017 23:58:00,5497.968845
10/4/2017 23:58:00,5361.980358
10/5/2017 23:58:00,5545.691508
10/6/2017 23:58:00,5615.892386
10/7/2017 23:58:00,5695.70955
10/8/2017 23:58:00,5918.067207
10/9/2017 23:58:00,6147.988106
10/10/2017 23:58:00,6100.84775
10/11/2017 23:58:00,6171.560467
10/12/2017 23:58:00,6950.47584
10/13/2017 23:58:00,7129.923357
10/14/2017 23:58:00,7378.127299
10/15/2017 23:58:00,7221.473439
10/16/2017 23:58:00,7337.15796
10/17/2017 23:58:00,7127.018918
10/18/2017 23:58:00,7108.531462
10/19/2017 23:58:00,7243.739051
10/20/2017 23:58:00,7661.634033
10/21/2017 23:58:00,7711.326761
10/22/2017 23:58:00,7692.56513
10/23/2017 23:58:00,7560.145585
10/24/2017 23:58:00,7107.205896
10/25/2017 23:58:00,7447.634034
10/26/2017 23:58:00,7692.398271
10/27/2017 23:58:00,7527.99916
10/29/2017 23:58:00,8010.760526
10/30/2017 23:58:00,7956.239208
10/31/2017 23:58:00,8415.494467
11/1/2017 23:58:00,8837.065477
11/2/2017 23:58:00,9127.17919
11/3/2017 23:58:00,9373.784273
11/4/2017 23:58:00,9692.138914
11/5/2017 23:58:00,9661.728384
11/6/2017 23:58:00,9068.117764
11/7/2017 23:58:00,9311.348312
11/8/2017 23:58:00,9726.435399
11/9/2017 23:58:00,9315.401716
11/10/2017 23:58:00,8586.97109
11/11/2017 23:58:00,8285.508956
11/12/2017 23:58:00,7698.298029
11/13/2017 23:58:00,8583.564606
11/14/2017 23:58:00,8658.884195
11/15/2017 23:58:00,9608.24032
11/16/2017 23:58:00,10332.20154
11/17/2017 23:58:00,10199.24007
11/18/2017 23:58:00,10281.60384
11/19/2017 23:58:00,10638.16968
11/20/2017 23:58:00,10933.65695
11/21/2017 23:58:00,10691.95977
11/22/2017 23:58:00,10837.1505
11/23/2017 23:58:00,10532.93862
11/24/2017 23:58:00,10787.78683
11/25/2017 23:58:00,11553.25866
11/26/2017 23:58:00,12352.64489
11/27/2017 23:58:00,12843.92921
11/28/2017 23:58:00,13082.51714
11/29/2017 23:58:00,13133.10015
11/30/2017 23:58:00,13097.63847
12/1/2017 23:58:00,14287.37204
12/2/2017 23:58:00,14366.7621
12/3/2017 23:58:00,14882.66993
12/4/2017 23:58:00,15314.17413
12/5/2017 23:58:00,15410.96614
12/6/2017 23:58:00,18622.28803
12/7/2017 23:58:00,23155.18089
12/8/2017 23:58:00,21811.06425
12/9/2017 23:58:00,20402.41616
12/10/2017 23:58:00,20368.47979
12/11/2017 23:58:00,22428.51072
12/12/2017 23:58:00,23465.56559
12/13/2017 23:58:00,21867.0775
12/14/2017 23:58:00,21854.27545
12/15/2017 23:58:00,23209.02748
12/17/2017 23:58:00,25341.94398
12/18/2017 23:58:00,24845.35591
12/19/2017 23:58:00,23315.5412
12/20/2017 23:58:00,21505.79122
12/21/2017 23:58:00,20455.33212
12/22/2017 23:58:00,18419.39978
12/23/2017 23:58:00,19541.00679
12/24/2017 23:58:00,18443.69444
12/25/2017 23:58:00,18349.39785
12/26/2017 23:58:00,20435.97263
12/27/2017 23:58:00,19767.27432
12/28/2017 23:58:00,18540.86563
12/29/2017 23:58:00,18673.13691
12/30/2017 23:58:00,16461.52201
12/31/2017 23:58:00,17777.80064
1/1/2018 23:58:00,17285.60554
1/2/2018 23:58:00,18872.73633
1/3/2018 23:58:00,19292.52407
1/4/2018 23:58:00,19261.08023
1/5/2018 23:58:00,21574.86264
1/7/2018 23:58:00,20583.37706
1/8/2018 23:58:00,19114.90438
1/9/2018 23:58:00,18541.11205
1/10/2018 23:58:00,18961.34732
1/11/2018 23:58:00,16877.04214
1/12/2018 23:58:00,17469.33684
1/13/2018 23:58:00,17936.71852
1/14/2018 23:58:00,17268.87639
1/15/2018 23:58:00,17069.8554
1/16/2018 23:58:00,14516.03536
1/17/2018 23:58:00,14049.70694
1/18/2018 23:58:00,14124.31518
1/19/2018 23:58:00,14395.3211
1/20/2018 23:58:00,15977.45577
1/21/2018 23:58:00,14395.19002
1/22/2018 23:58:00,13445.76719
1/23/2018 23:58:00,13525.08055
1/24/2018 23:58:00,14116.58082
1/25/2018 23:58:00,13848.3362
1/26/2018 23:58:00,13679.914
1/28/2018 23:58:00,14219.1467
1/29/2018 23:58:00,13740.24312
1/30/2018 23:58:00,12344.07487
1/31/2018 23:58:00,12535.66318
2/1/2018 23:58:00,11216.04581
2/2/2018 23:58:00,11085.55314
2/3/2018 23:58:00,11656.36164
2/4/2018 23:58:00,10333.23927
2/5/2018 23:58:00,8769.273661
2/6/2018 23:58:00,9740.117862
2/7/2018 23:58:00,9693.232731
2/8/2018 23:58:00,10554.29215
2/9/2018 23:58:00,11099.59515
2/10/2018 23:58:00,10951.29206
2/11/2018 23:58:00,10324.30472
2/12/2018 23:58:00,11290.0384
2/13/2018 23:58:00,10838.87556
2/14/2018 23:58:00,11949.05593
2/15/2018 23:58:00,12629.17813
2/16/2018 23:58:00,12850.71094
2/17/2018 23:58:00,14056.48609
2/18/2018 23:58:00,13120.68196
2/19/2018 23:58:00,14085.92844
2/20/2018 23:58:00,14257.61249
2/21/2018 23:58:00,13406.85902
2/22/2018 23:58:00,12543.06034
2/23/2018 23:58:00,12933.4318
2/24/2018 23:58:00,12356.35245
2/25/2018 23:58:00,12246.54574
2/26/2018 23:58:00,13121.8498
2/27/2018 23:58:00,13559.22338
2/28/2018 23:58:00,13279.13423
3/1/2018 23:58:00,14037.33359
3/2/2018 23:58:00,14162.478
3/3/2018 23:58:00,14719.32088
3/4/2018 23:58:00,14792.22535
3/5/2018 23:58:00,14656.1033
3/6/2018 23:58:00,13743.4973
3/7/2018 23:58:00,12685.32115
3/8/2018 23:58:00,11944.65937
3/9/2018 23:58:00,11788.30636
3/11/2018 23:58:00,12126.37078
3/12/2018 23:58:00,11584.91712
3/13/2018 23:58:00,11639.37245
3/14/2018 23:58:00,10416.18564
3/15/2018 23:58:00,10605.22418
3/16/2018 23:58:00,10727.2466
3/18/2018 23:58:00,10617.856
3/19/2018 23:58:00,11142.8189
3/20/2018 23:58:00,11575.7227
3/21/2018 23:58:00,11437.88198
3/22/2018 23:58:00,11328.73677
3/23/2018 23:58:00,11601.16816
3/24/2018 23:58:00,11086.86024
3/25/2018 23:58:00,10966.66861
3/26/2018 23:58:00,10506.9604
3/27/2018 23:58:00,10138.1539
3/28/2018 23:58:00,10371.78645
3/29/2018 23:58:00,9216.34752
3/30/2018 23:58:00,8923.648679
3/31/2018 23:58:00,9028.535278
4/1/2018 23:58:00,8872.468377
4/2/2018 23:58:00,9206.510653
4/3/2018 23:58:00,9666.195163
4/4/2018 23:58:00,8798.309022
4/5/2018 23:58:00,8851.876676
4/6/2018 23:58:00,8622.988086
4/7/2018 23:58:00,8981.247361
4/8/2018 23:58:00,9143.015464
4/9/2018 23:58:00,8794.810851
4/10/2018 23:58:00,8791.119469
4/11/2018 23:58:00,8945.994014
4/12/2018 23:58:00,10204.70558
4/13/2018 23:58:00,10167.69952
4/15/2018 23:58:00,10749.20458
4/16/2018 23:58:00,10356.04309
4/17/2018 23:58:00,10162.37305
4/18/2018 23:58:00,10467.17513
4/19/2018 23:58:00,10713.5889
4/20/2018 23:58:00,11558.1671
4/21/2018 23:58:00,11620.72396
4/22/2018 23:58:00,11483.67973
4/23/2018 23:58:00,11753.25141
4/24/2018 23:58:00,12680.7409
4/25/2018 23:58:00,11710.90452
4/26/2018 23:58:00,12271.35014
4/27/2018 23:58:00,11771.17223
4/29/2018 23:58:00,12399.643
4/30/2018 23:58:00,12272.57089
5/1/2018 23:58:00,12125.16094
5/2/2018 23:58:00,12275.89875
5/3/2018 23:58:00,12920.95681
5/4/2018 23:58:00,12851.63665
5/5/2018 23:58:00,12995.6232
5/6/2018 23:58:00,12759.84
5/7/2018 23:58:00,12444.11038
5/8/2018 23:58:00,12322.03099
5/9/2018 23:58:00,12470.43077
5/10/2018 23:58:00,11972.34573
5/11/2018 23:58:00,11143.52145
5/12/2018 23:58:00,11238.5619
5/13/2018 23:58:00,11504.00113
5/14/2018 23:58:00,11521.28556
5/15/2018 23:58:00,11352.01409
5/16/2018 23:58:00,11103.11882
5/17/2018 23:58:00,10737.31194
5/18/2018 23:58:00,10970.04566
5/19/2018 23:58:00,10966.17082
5/20/2018 23:58:00,11320.03968
5/21/2018 23:58:00,11069.33581
5/22/2018 23:58:00,10540.22544
5/23/2018 23:58:00,9918.720575
5/24/2018 23:58:00,10016.83436
5/25/2018 23:58:00,9875.69008
5/26/2018 23:58:00,9715.277027
5/27/2018 23:58:00,9722.793161
5/28/2018 23:58:00,9421.972514
5/29/2018 23:58:00,9971.2598
5/30/2018 23:58:00,9748.114988
5/31/2018 23:58:00,9898.95741
6/1/2018 23:58:00,9930.376766
6/2/2018 23:58:00,10093.07158
6/3/2018 23:58:00,10182.83511
6/4/2018 23:58:00,9787.407702
6/5/2018 23:58:00,9984.796491
6/6/2018 23:58:00,9990.86201
6/7/2018 23:58:00,10093.4178
6/8/2018 23:58:00,10022.09712
6/9/2018 23:58:00,9862.383782
6/10/2018 23:58:00,8906.8912
6/11/2018 23:58:00,9049.299434
6/12/2018 23:58:00,8643.686975
6/13/2018 23:58:00,8327.576225
6/14/2018 23:58:00,8892.224162
6/15/2018 23:58:00,8585.728472
6/17/2018 23:58:00,8666.465886
6/18/2018 23:58:00,9062.564343
6/19/2018 23:58:00,9118.532567
6/20/2018 23:58:00,9169.212943
6/21/2018 23:58:00,9107.060377
6/22/2018 23:58:00,8144.919224
6/24/2018 23:58:00,8268.667704
6/25/2018 23:58:00,8430.071054
6/26/2018 23:58:00,8217.87904
6/27/2018 23:58:00,8352.174976
6/28/2018 23:58:00,7965.882312
6/29/2018 23:58:00,8380.430356
6/30/2018 23:58:00,8624.762065
7/1/2018 23:58:00,8582.720742
7/2/2018 23:58:00,9014.025213
7/3/2018 23:58:00,8813.521095
7/4/2018 23:58:00,8925.626601
7/5/2018 23:58:00,8844.562495
7/6/2018 23:58:00,8884.1016
7/7/2018 23:58:00,9094.09516
7/8/2018 23:58:00,9013.352115
7/9/2018 23:58:00,8920.670362
7/10/2018 23:58:00,8504.372099
7/11/2018 23:58:00,8675.865938
7/12/2018 23:58:00,8439.106172
7/13/2018 23:58:00,8375.48725
7/14/2018 23:58:00,8419.087334
7/15/2018 23:58:00,8559.700617
7/16/2018 23:58:00,9075.812199
7/17/2018 23:58:00,9916.366541
7/18/2018 23:58:00,9973.76018
7/19/2018 23:58:00,10146.43241
7/20/2018 23:58:00,9896.716928
7/21/2018 23:58:00,9983.820864
7/22/2018 23:58:00,9953.577148
7/23/2018 23:58:00,10461.10795
7/24/2018 23:58:00,11292.8367
7/25/2018 23:58:00,10936.42151
7/26/2018 23:58:00,10753.77957
7/27/2018 23:58:00,11064.22531
7/29/2018 23:58:00,11103.45506
7/30/2018 23:58:00,11030.55926
7/31/2018 23:58:00,10415.64905
8/1/2018 23:58:00,10268.58017
8/2/2018 23:58:00,10239.07945
8/3/2018 23:58:00,10020.37378
8/5/2018 23:58:00,9507.715934
8/6/2018 23:58:00,9394.718048
8/7/2018 23:58:00,9050.665056
8/8/2018 23:58:00,8461.277282
8/9/2018 23:58:00,8880.390354
8/10/2018 23:58:00,8418.036246
8/12/2018 23:58:00,8671.07328
8/13/2018 23:58:00,8606.281892
8/14/2018 23:58:00,8562.315366
8/15/2018 23:58:00,8669.507964
8/16/2018 23:58:00,8703.177566
8/17/2018 23:58:00,9000.257473
8/19/2018 23:58:00,8880.642755
8/20/2018 23:58:00,8531.770416
8/21/2018 23:58:00,8799.957403
8/22/2018 23:58:00,8673.932441
8/23/2018 23:58:00,9011.317254
8/24/2018 23:58:00,9135.553589
8/26/2018 23:58:00,9137.429334
8/27/2018 23:58:00,9406.501476
8/28/2018 23:58:00,9633.133905
8/29/2018 23:58:00,9616.611907
8/30/2018 23:58:00,9616.729229
8/31/2018 23:58:00,9753.901399
9/1/2018 23:58:00,9998.714937
9/2/2018 23:58:00,10147.44713
9/3/2018 23:58:00,10068.6461
9/4/2018 23:58:00,10246.5552
9/5/2018 23:58:00,9294.766296
9/6/2018 23:58:00,9033.3759
9/7/2018 23:58:00,8998.181955
9/8/2018 23:58:00,8706.905844
9/9/2018 23:58:00,8764.297921
9/10/2018 23:58:00,8862.0021
9/11/2018 23:58:00,8836.183686
9/12/2018 23:58:00,8822.992394
9/13/2018 23:58:00,9023.854111
9/14/2018 23:58:00,9061.462917
9/16/2018 23:58:00,9094.34088
9/17/2018 23:58:00,8747.985914
9/18/2018 23:58:00,8768.767192
9/19/2018 23:58:00,8799.133951
9/20/2018 23:58:00,8912.618099
9/21/2018 23:58:00,9247.8375
9/22/2018 23:58:00,9198.197605
9/23/2018 23:58:00,9203.33181
9/24/2018 23:58:00,9079.993155
9/25/2018 23:58:00,8880.301259
9/26/2018 23:58:00,8895.518596
9/27/2018 23:58:00,9271.99416
9/28/2018 23:58:00,9165.178764
9/30/2018 23:58:00,9144.01484
10/1/2018 23:58:00,9096.080281
10/2/2018 23:58:00,9041.963742
10/3/2018 23:58:00,9112.731263
10/4/2018 23:58:00,9247.546358
10/5/2018 23:58:00,9349.125513
10/6/2018 23:58:00,9290.271141
10/7/2018 23:58:00,9316.24029
10/8/2018 23:58:00,9342.667783
10/9/2018 23:58:00,9262.298288
10/10/2018 23:58:00,9236.871788
10/11/2018 23:58:00,8639.369126
10/12/2018 23:58:00,8700.799972
10/14/2018 23:58:00,8700.924815
10/15/2018 23:58:00,9026.892672
10/16/2018 23:58:00,9047.747731
10/17/2018 23:58:00,9062.484117
10/18/2018 23:58:00,9015.870406
10/19/2018 23:58:00,8967.392438
10/21/2018 23:58:00,9020.438565
10/22/2018 23:58:00,9060.590106
10/23/2018 23:58:00,9019.302562
10/24/2018 23:58:00,9084.828784
10/25/2018 23:58:00,9032.791017
10/26/2018 23:58:00,9032.391059
10/27/2018 23:58:00,9038.38457
10/28/2018 23:58:00,9022.867074
10/29/2018 23:58:00,8875.35038
10/30/2018 23:58:00,8829.761932
10/31/2018 23:58:00,8901.060867
11/1/2018 23:58:00,8805.237272
11/2/2018 23:58:00,8793.51418
11/4/2018 23:58:00,8924.196914
11/5/2018 23:58:00,8880.132216
11/6/2018 23:58:00,8903.566471
11/7/2018 23:58:00,8938.62298
11/8/2018 23:58:00,8816.613424
11/9/2018 23:58:00,8764.370994
11/10/2018 23:58:00,8781.706349
11/11/2018 23:58:00,8798.225421
11/12/2018 23:58:00,8819.203041
11/13/2018 23:58:00,8656.610885
11/14/2018 23:58:00,7751.981219
11/15/2018 23:58:00,7673.446901
11/16/2018 23:58:00,7513.954833
11/17/2018 23:58:00,7505.001845
11/18/2018 23:58:00,7601.8544
11/19/2018 23:58:00,6489.131482
11/20/2018 23:58:00,6027.367347
11/21/2018 23:58:00,6262.207106
11/22/2018 23:58:00,5883.65891
11/23/2018 23:58:00,5920.939846
11/24/2018 23:58:00,5218.398951
11/25/2018 23:58:00,5444.934356
11/26/2018 23:58:00,5166.027465
11/27/2018 23:58:00,5222.021675
11/28/2018 23:58:00,5786.28421
11/29/2018 23:58:00,5802.326208
11/30/2018 23:58:00,5436.14624
12/1/2018 23:58:00,5661.576782
12/2/2018 23:58:00,5565.607947
12/3/2018 23:58:00,5211.207617
12/4/2018 23:58:00,5314.407527
12/5/2018 23:58:00,5084.489208
12/6/2018 23:58:00,4748.366809
12/7/2018 23:58:00,4695.10767
12/8/2018 23:58:00,4721.58
12/9/2018 23:58:00,4917.390614
12/10/2018 23:58:00,4742.707034
12/11/2018 23:58:00,4643.760364
12/12/2018 23:58:00,4752.998858
12/13/2018 23:58:00,4521.531985
12/14/2018 23:58:00,4450.847472
12/15/2018 23:58:00,4432.719324
12/16/2018 23:58:00,4453.085565
12/17/2018 23:58:00,4872.664809
12/18/2018 23:58:00,5105.46982
12/19/2018 23:58:00,5176.93516
12/20/2018 23:58:00,5727.731431
12/21/2018 23:58:00,5459.412054
12/22/2018 23:58:00,5660.492752
12/23/2018 23:58:00,5596.1199
12/24/2018 23:58:00,5723.608628
12/25/2018 23:58:00,5365.43028
12/26/2018 23:58:00,5385.673037
12/27/2018 23:58:00,5103.405573
12/28/2018 23:58:00,5521.243491
12/29/2018 23:58:00,5294.314942
12/30/2018 23:58:00,5435.828363
12/31/2018 23:58:00,5245.608815
1/1/2019 23:58:00,5429.247378
1/2/2019 23:58:00,5624.397627
1/3/2019 23:58:00,5406.563008
1/4/2019 23:58:00,5365.518203
1/5/2019 23:58:00,5335.138998
1/6/2019 23:58:00,5673.077164
1/7/2019 23:58:00,5609.087009
1/8/2019 23:58:00,5576.458975
1/9/2019 23:58:00,5580.341838
1/10/2019 23:58:00,5048.193611
1/11/2019 23:58:00,5035.579713
1/12/2019 23:58:00,5013.031245
1/13/2019 23:58:00,4880.211031
1/14/2019 23:58:00,5089.929993
1/15/2019 23:58:00,4969.135236
1/16/2019 23:58:00,5032.776802
1/17/2019 23:58:00,5064.195119
1/18/2019 23:58:00,5034.675302
1/19/2019 23:58:00,5139.874605
1/20/2019 23:58:00,4937.295665
1/21/2019 23:58:00,4933.727449
1/22/2019 23:58:00,5022.929912
1/23/2019 23:58:00,4973.418125
1/24/2019 23:58:00,5034.017909
1/25/2019 23:58:00,4955.715839
1/26/2019 23:58:00,4954.12114
1/27/2019 23:58:00,4919.222857
1/28/2019 23:58:00,4786.82107
1/29/2019 23:58:00,4748.31573
1/30/2019 23:58:00,4738.831114
1/31/2019 23:58:00,4691.730193
2/1/2019 23:58:00,4740.725
2/2/2019 23:58:00,4782.097862
2/3/2019 23:58:00,4712.638849
2/4/2019 23:58:00,4728.289388
2/5/2019 23:58:00,4733.201042
2/6/2019 23:58:00,4737.754295
2/7/2019 23:58:00,4734.517218
2/8/2019 23:58:00,5092.785967
2/9/2019 23:58:00,5113.927359
2/10/2019 23:58:00,5140.657287
2/11/2019 23:58:00,5083.479422
2/12/2019 23:58:00,5050.402557
2/13/2019 23:58:00,5046.105327
2/14/2019 23:58:00,5014.075582
2/15/2019 23:58:00,4991.728032
2/16/2019 23:58:00,5013.813404
2/17/2019 23:58:00,5075.721013
2/18/2019 23:58:00,5425.083906
2/19/2019 23:58:00,5425.480786
2/20/2019 23:58:00,5496.773887
2/21/2019 23:58:00,5483.551779
2/22/2019 23:58:00,5531.10345
2/23/2019 23:58:00,5767.60821
2/24/2019 23:58:00,5219.035493
2/25/2019 23:58:00,5326.066413
2/26/2019 23:58:00,5282.409445
2/27/2019 23:58:00,5315.971492
2/28/2019 23:58:00,5339.386209
3/1/2019 23:58:00,5375.183652
3/2/2019 23:58:00,5380.168821
3/3/2019 23:58:00,5333.739427
3/4/2019 23:58:00,5220.975776
3/5/2019 23:58:00,5424.71649
3/6/2019 23:58:00,5477.002391
3/7/2019 23:58:00,5492.4392
3/8/2019 23:58:00,5449.54416
3/9/2019 23:58:00,5559.3981
3/10/2019 23:58:00,5542.23209
3/11/2019 23:58:00,5443.44752
3/12/2019 23:58:00,5466.725
3/13/2019 23:58:00,5433.596669
3/14/2019 23:58:00,5451.604972
3/15/2019 23:58:00,5503.72856
3/16/2019 23:58:00,5626.698
3/17/2019 23:58:00,5600.942078
3/18/2019 23:58:00,5593.24335
3/19/2019 23:58:00,5644.91929
3/20/2019 23:58:00,5654.42732
3/21/2019 23:58:00,5590.467872
3/22/2019 23:58:00,5625.296549
3/23/2019 23:58:00,5620.61973
3/24/2019 23:58:00,5605.756144
3/25/2019 23:58:00,5492.512654
3/26/2019 23:58:00,5496.683267
3/27/2019 23:58:00,5683.849748
3/28/2019 23:58:00,5664.574274
3/29/2019 23:58:00,5773.233312
3/30/2019 23:58:00,5777.650368
3/31/2019 23:58:00,5757.1605
4/1/2019 23:58:00,5818.704565
4/2/2019 23:58:00,6945.152462
4/3/2019 23:58:00,6990.470857
4/4/2019 23:58:00,6900.73286
4/5/2019 23:58:00,7092.20862
4/6/2019 23:58:00,7104.25254
4/7/2019 23:58:00,7310.13719
4/8/2019 23:58:00,7422.219545
4/9/2019 23:58:00,7285.895186
4/10/2019 23:58:00,7424.392233
4/11/2019 23:58:00,7078.366172
4/12/2019 23:58:00,7086.60019
4/13/2019 23:58:00,7063.830546
4/14/2019 23:58:00,7201.198
4/15/2019 23:58:00,7012.309059
4/16/2019 23:58:00,7264.76709
4/17/2019 23:58:00,7286.438
4/18/2019 23:58:00,7392.078608
4/19/2019 23:58:00,7391.690992
4/20/2019 23:58:00,7432.950308
4/21/2019 23:58:00,7411.39836
4/22/2019 23:58:00,7550.7214
4/23/2019 23:58:00,7796.615577
4/24/2019 23:58:00,7760.829012
4/25/2019 23:58:00,7302.783705
4/26/2019 23:58:00,7330.631808
4/27/2019 23:58:00,7342.51053
4/28/2019 23:58:00,7318.3473
4/29/2019 23:58:00,7297.438445
4/30/2019 23:58:00,7471.164689
5/1/2019 23:58:00,7586.097497
5/2/2019 23:58:00,7706.097297
5/3/2019 23:58:00,8057.83482
5/4/2019 23:58:00,8218.225243
5/5/2019 23:58:00,8194.828482
5/6/2019 23:58:00,8134.550185
5/7/2019 23:58:00,8195.344502
5/8/2019 23:58:00,8499.348
5/9/2019 23:58:00,8805.07179
5/10/2019 23:58:00,9060.541176
5/11/2019 23:58:00,10317.63316
5/12/2019 23:58:00,9990.828464
5/13/2019 23:58:00,11267.2992
5/14/2019 23:58:00,11518.39177
5/15/2019 23:58:00,11847.33277
5/16/2019 23:58:00,11432.7649
5/17/2019 23:58:00,10727.33103
5/18/2019 23:58:00,10583.49552
5/19/2019 23:58:00,11879.31788
5/20/2019 23:58:00,11559.3353
5/21/2019 23:58:00,11552.26951
5/22/2019 23:58:00,11087.75794
5/23/2019 23:58:00,11424.41768
5/24/2019 23:58:00,11555.19124
5/25/2019 23:58:00,11640.91611
5/26/2019 23:58:00,12596.33255
5/27/2019 23:58:00,12671.53276
5/28/2019 23:58:00,12585.4156
5/29/2019 23:58:00,12521.5137
5/30/2019 23:58:00,11989.81908
5/31/2019 23:58:00,12339.38062
6/1/2019 23:58:00,12329.16747
6/2/2019 23:58:00,12608.18138
6/3/2019 23:58:00,11632.49021
6/4/2019 23:58:00,10972.23434
6/5/2019 23:58:00,11174.788
6/6/2019 23:58:00,11186.15448
6/7/2019 23:58:00,11428.52795
6/8/2019 23:58:00,11330.58403
6/9/2019 23:58:00,10914.16556
6/10/2019 23:58:00,11515.50056
6/11/2019 23:58:00,11376.82665
6/12/2019 23:58:00,11797.87421
6/13/2019 23:58:00,11921.47892
6/14/2019 23:58:00,12654.78975
6/15/2019 23:58:00,12889.41959
6/16/2019 23:58:00,13050.48231
6/17/2019 23:58:00,13619.22253
6/18/2019 23:58:00,13186.98652
6/19/2019 23:58:00,13473.87213
6/20/2019 23:58:00,13768.78596
6/21/2019 23:58:00,14743.372
6/22/2019 23:58:00,15387.92568
6/23/2019 23:58:00,15600.65746
6/24/2019 23:58:00,15838.85246
6/25/2019 23:58:00,16890.3024
6/26/2019 23:58:00,18504.02181
6/27/2019 23:58:00,15935.3376
6/28/2019 23:58:00,17598.73752
6/29/2019 23:58:00,16897.23132
6/30/2019 23:58:00,15321.30639
7/1/2019 23:58:00,15186.89497
7/2/2019 23:58:00,15483.44718
7/3/2019 23:58:00,17033.34504
7/4/2019 23:58:00,15851.31696
7/5/2019 23:58:00,15740.8368
7/6/2019 23:58:00,16085.64378
7/7/2019 23:58:00,16434.78312
7/8/2019 23:58:00,17633.30466
7/9/2019 23:58:00,18138.71205
7/10/2019 23:58:00,17381.65782
7/11/2019 23:58:00,16277.53023
7/12/2019 23:58:00,16811.949
7/13/2019 23:58:00,16194.43343
7/14/2019 23:58:00,14526.69088
7/15/2019 23:58:00,15418.89228
7/16/2019 23:58:00,13431.13083
7/17/2019 23:58:00,13833.72547
7/18/2019 23:58:00,15072.37008
7/19/2019 23:58:00,14945.73665
7/20/2019 23:58:00,15281.15805
7/21/2019 23:58:00,15038.47627
7/22/2019 23:58:00,14684.89425
7/23/2019 23:58:00,14064.48351
7/24/2019 23:58:00,13996.38092
7/25/2019 23:58:00,14220.64375
7/26/2019 23:58:00,14238.8838
7/27/2019 23:58:00,13713.73906
7/28/2019 23:58:00,13804.1985
7/29/2019 23:58:00,13763.952
7/30/2019 23:58:00,13947.93422
7/31/2019 23:58:00,14729.02389
8/1/2019 23:58:00,15295.68443
8/2/2019 23:58:00,15485.08995
8/3/2019 23:58:00,15908.59314
8/4/2019 23:58:00,16166.01537
8/5/2019 23:58:00,17476.10574
8/6/2019 23:58:00,16954.51757
8/7/2019 23:58:00,17722.51417
8/8/2019 23:58:00,17591.78082
8/9/2019 23:58:00,17467.59213
8/10/2019 23:58:00,16620.14997
8/11/2019 23:58:00,17028.93758
8/12/2019 23:58:00,16859.18216
8/13/2019 23:58:00,15990.38931
8/14/2019 23:58:00,14764.8617
8/15/2019 23:58:00,15210.01
8/16/2019 23:58:00,15269.19723
8/17/2019 23:58:00,15066.39848
8/18/2019 23:58:00,15201.80498
8/19/2019 23:58:00,16129.932
8/20/2019 23:58:00,15895.5286
8/21/2019 23:58:00,14930.75895
8/22/2019 23:58:00,14962.04548
8/23/2019 23:58:00,15416.31264
8/24/2019 23:58:00,15024.98074
8/25/2019 23:58:00,15118.25653
8/26/2019 23:58:00,15306.6736
8/27/2019 23:58:00,15060.36708
8/28/2019 23:58:00,14416.18175
8/29/2019 23:58:00,14097.2265
8/30/2019 23:58:00,14221.26952
8/31/2019 23:58:00,14248.63632
9/1/2019 23:58:00,14516.467
9/2/2019 23:58:00,15466.327
9/3/2019 23:58:00,15714.0894
9/4/2019 23:58:00,15566.94531
9/5/2019 23:58:00,15524.87569
9/6/2019 23:58:00,15051.16607
9/7/2019 23:58:00,15307.60221
9/8/2019 23:58:00,15187.59345
9/9/2019 23:58:00,15019.608
9/10/2019 23:58:00,14699.4413
9/11/2019 23:58:00,14780.04294
9/12/2019 23:58:00,15187.85208
9/13/2019 23:58:00,15075.23634
9/14/2019 23:58:00,15064.76682
9/15/2019 23:58:00,14979.50628
9/16/2019 23:58:00,14954.00187
9/17/2019 23:58:00,14834.38018
9/18/2019 23:58:00,14879.39904
9/19/2019 23:58:00,15145.80913
9/20/2019 23:58:00,15022.87668
9/21/2019 23:58:00,14736.74353
9/22/2019 23:58:00,14813.79485
9/23/2019 23:58:00,14307.82959
9/24/2019 23:58:00,12546.7917
9/25/2019 23:58:00,12488.2095
9/26/2019 23:58:00,11949.40761
9/27/2019 23:58:00,12112.76571
9/28/2019 23:58:00,12150.74722
9/29/2019 23:58:00,11910.22431
9/30/2019 23:58:00,12301.70718
10/1/2019 23:58:00,12406.19424
10/2/2019 23:58:00,12493.1902
10/3/2019 23:58:00,12217.10825
10/4/2019 23:58:00,12046.58592
10/5/2019 23:58:00,12033.23474
10/6/2019 23:58:00,11620.69951
10/7/2019 23:58:00,12192.29411
10/8/2019 23:58:00,12158.343
10/9/2019 23:58:00,12788.80688
10/10/2019 23:58:00,12698.03568
10/11/2019 23:58:00,12169.38575
10/12/2019 23:58:00,12232.13851
10/13/2019 23:58:00,12188.0029
10/14/2019 23:58:00,12331.98
10/15/2019 23:58:00,12087.59414
10/16/2019 23:58:00,11832.54949
10/17/2019 23:58:00,11834.05586
10/18/2019 23:58:00,11604.2922
10/19/2019 23:58:00,11620.51513
10/20/2019 23:58:00,12028.20107
10/21/2019 23:58:00,11951.01634
10/22/2019 23:58:00,11696.14174
10/23/2019 23:58:00,10912.27189
10/24/2019 23:58:00,10902.57246
10/25/2019 23:58:00,12705.5544
10/26/2019 23:58:00,13572.98552
10/27/2019 23:58:00,13995.73478
10/28/2019 23:58:00,13480.72321
10/29/2019 23:58:00,13756.4576
10/30/2019 23:58:00,13287.39858
10/31/2019 23:58:00,13289.04987
11/1/2019 23:58:00,13392.96588
11/2/2019 23:58:00,13473.13737
11/3/2019 23:58:00,13315.76734
11/4/2019 23:58:00,13662.38142
11/5/2019 23:58:00,13510.1517
11/6/2019 23:58:00,13583.2528
11/7/2019 23:58:00,13342.78251
11/8/2019 23:58:00,12776.86291
11/9/2019 23:58:00,12846.48456
11/10/2019 23:58:00,13179.1869
11/11/2019 23:58:00,12733.36118
11/12/2019 23:58:00,12855.55439
11/13/2019 23:58:00,12805.99807
11/14/2019 23:58:00,12723.51453
11/15/2019 23:58:00,12417.15373
11/16/2019 23:58:00,12437.0022
11/17/2019 23:58:00,12471.51217
11/18/2019 23:58:00,12004.11038
11/19/2019 23:58:00,11904.19107
11/20/2019 23:58:00,11891.94982
11/21/2019 23:58:00,11218.70283
11/22/2019 23:58:00,10750.25563
11/23/2019 23:58:00,10807.31605
11/24/2019 23:58:00,10172.24699
11/25/2019 23:58:00,10518.11262
11/26/2019 23:58:00,10568.18454
11/27/2019 23:58:00,11118.33522
11/28/2019 23:58:00,10980.94243
11/29/2019 23:58:00,11478.02552
11/30/2019 23:58:00,11163.32896
12/1/2019 23:58:00,10945.99149
12/2/2019 23:58:00,10714.3896
12/3/2019 23:58:00,10656.71486
12/4/2019 23:58:00,10531.81289
12/5/2019 23:58:00,10823.34433
12/6/2019 23:58:00,11019.96348
12/7/2019 23:58:00,10959.50883
12/8/2019 23:58:00,11015.72362
12/9/2019 23:58:00,10755.18741
12/10/2019 23:58:00,10610.74598
12/11/2019 23:58:00,10471.8044
12/12/2019 23:58:00,10380.07015
12/13/2019 23:58:00,10543.16663
12/14/2019 23:58:00,10282.71931
12/15/2019 23:58:00,10347.31187
12/16/2019 23:58:00,10016.48508
12/17/2019 23:58:00,9655.7601
12/18/2019 23:58:00,10642.60256
12/19/2019 23:58:00,10377.20276
12/20/2019 23:58:00,10409.0548
12/21/2019 23:58:00,10352.19296
12/22/2019 23:58:00,10886.06235
12/23/2019 23:58:00,10575.11069
12/24/2019 23:58:00,10452.06147
12/25/2019 23:58:00,10392.90838
12/26/2019 23:58:00,10360.7432
12/27/2019 23:58:00,10370.0991
12/28/2019 23:58:00,10456.06304
12/29/2019 23:58:00,10581.93468
12/30/2019 23:58:00,10313.048
12/31/2019 23:58:00,10229.99169
1/1/2020 23:58:00,10225.8122
1/2/2020 23:58:00,9946.380463
1/3/2020 23:58:00,10514.73373
1/4/2020 23:58:00,10572.76625
1/5/2020 23:58:00,10572.56148
1/6/2020 23:58:00,11204.05478
1/7/2020 23:58:00,11908.99739
1/8/2020 23:58:00,11705.02631
1/9/2020 23:58:00,11402.29753
1/10/2020 23:58:00,11840.37162
1/11/2020 23:58:00,11622.49101
1/12/2020 23:58:00,11832.53241
1/13/2020 23:58:00,11748.03196
1/14/2020 23:58:00,12795.99098
1/15/2020 23:58:00,12752.82254
1/16/2020 23:58:00,12631.92261
1/17/2020 23:58:00,12923.51523
1/18/2020 23:58:00,12961.45692
1/19/2020 23:58:00,12639.2071
1/20/2020 23:58:00,12535.58342
1/21/2020 23:58:00,12739.39701
1/22/2020 23:58:00,12646.93812
1/23/2020 23:58:00,12258.63198
1/24/2020 23:58:00,12347.62135
1/25/2020 23:58:00,12200.54193
1/26/2020 23:58:00,12636.84172
1/27/2020 23:58:00,13156.86985
1/28/2020 23:58:00,13889.25155
1/29/2020 23:58:00,13761.26634
1/30/2020 23:58:00,14168.14197
1/31/2020 23:58:00,13947.44962
2/1/2020 23:58:00,14016.50626
2/2/2020 23:58:00,13929.68194
2/3/2020 23:58:00,13886.21826
2/4/2020 23:58:00,13614.39118
2/5/2020 23:58:00,14238.37506
2/6/2020 23:58:00,14502.39486
2/7/2020 23:58:00,14698.09335
2/8/2020 23:58:00,14844.35436
2/9/2020 23:58:00,15241.09912
2/10/2020 23:58:00,14726.23385
2/11/2020 23:58:00,15286.2788
2/12/2020 23:58:00,15419.48506
2/13/2020 23:58:00,15228.21116
2/14/2020 23:58:00,15444.97107
2/15/2020 23:58:00,14759.80366
2/16/2020 23:58:00,14749.35228
2/17/2020 23:58:00,14456.007
2/18/2020 23:58:00,15219.5985
2/19/2020 23:58:00,14366.53892
2/20/2020 23:58:00,14548.06793
2/21/2020 23:58:00,14638.50717
2/22/2020 23:58:00,14604.61553
2/23/2020 23:58:00,15085.14552
2/24/2020 23:58:00,14610.3636
2/25/2020 23:58:00,14089.1506
2/26/2020 23:58:00,13411.18177
2/27/2020 23:58:00,13392.34105
2/28/2020 23:58:00,13343.67416
2/29/2020 23:58:00,13110.30631
3/1/2020 23:58:00,13074.31951
3/2/2020 23:58:00,13616.82449
3/3/2020 23:58:00,13304.95431
3/4/2020 23:58:00,13224.33891
3/5/2020 23:58:00,13698.31397
3/6/2020 23:58:00,13778.5415
3/7/2020 23:58:00,13384.99006
3/8/2020 23:58:00,12146.35097
3/9/2020 23:58:00,12030.11292
3/10/2020 23:58:00,12133.18276
3/11/2020 23:58:00,12252.44367
3/12/2020 23:58:00,7741.925974
3/13/2020 23:58:00,9119.94552
3/14/2020 23:58:00,8356.857975
3/15/2020 23:58:00,8648.558779
3/16/2020 23:58:00,8234.38624
3/17/2020 23:58:00,8899.253827
3/18/2020 23:58:00,9312.424427
3/19/2020 23:58:00,10777.0482
3/20/2020 23:58:00,10705.21918
3/21/2020 23:58:00,10700.33403
3/22/2020 23:58:00,10146.12811
3/23/2020 23:58:00,11060.63785
3/24/2020 23:58:00,11324.27297
3/25/2020 23:58:00,11324.49081
3/26/2020 23:58:00,11120.18308
3/27/2020 23:58:00,10334.69344
3/28/2020 23:58:00,10140.45204
3/29/2020 23:58:00,9557.366626
3/30/2020 23:58:00,10386.08771
3/31/2020 23:58:00,10503.3095
4/1/2020 23:58:00,10942.41737
4/2/2020 23:58:00,11224.90933
4/3/2020 23:58:00,11240.40079
4/4/2020 23:58:00,11461.77466
4/5/2020 23:58:00,11337.35395
4/6/2020 23:58:00,12001.0132
4/7/2020 23:58:00,11719.04985
4/8/2020 23:58:00,11821.28793
4/9/2020 23:58:00,11518.25039
4/10/2020 23:58:00,10824.63263
4/11/2020 23:58:00,10850.0964
4/12/2020 23:58:00,10905.17401
4/13/2020 23:58:00,10720.29756
4/14/2020 23:58:00,10688.85659
4/15/2020 23:58:00,10499.89261
4/16/2020 23:58:00,11186.34023
4/17/2020 23:58:00,11054.59608
4/18/2020 23:58:00,11397.21982
4/19/2020 23:58:00,11247.91064
4/20/2020 23:58:00,10775.33259
4/21/2020 23:58:00,10892.69069
4/22/2020 23:58:00,11333.71585
4/23/2020 23:58:00,11718.36334
4/24/2020 23:58:00,11746.24798
4/25/2020 23:58:00,11810.52915
4/26/2020 23:58:00,12024.98176
4/27/2020 23:58:00,12073.48722
4/28/2020 23:58:00,11931.2244
4/29/2020 23:58:00,13395.26615
4/30/2020 23:58:00,13282.29674
5/1/2020 23:58:00,13752.70459
5/2/2020 23:58:00,13995.036
5/3/2020 23:58:00,13968.57275
5/4/2020 23:58:00,13824.8603
5/5/2020 23:58:00,13976.92587
5/6/2020 23:58:00,14330.41929
5/7/2020 23:58:00,15373.97
5/8/2020 23:58:00,15009.3
5/9/2020 23:58:00,14625.0405
5/10/2020 23:58:00,13380.85913
5/11/2020 23:58:00,13265.93922
5/12/2020 23:58:00,13620.1135
5/13/2020 23:58:00,14437.37117
5/14/2020 23:58:00,15140.79669
5/15/2020 23:58:00,14518.07606
5/16/2020 23:58:00,14627.5864
5/17/2020 23:58:00,15044.00265
5/18/2020 23:58:00,14911.89491
5/19/2020 23:58:00,14947.34899
5/20/2020 23:58:00,14431.9656
5/21/2020 23:58:00,13795.23769
5/22/2020 23:58:00,14028.21517
5/23/2020 23:58:00,14042.15336
5/24/2020 23:58:00,13312.03029
5/25/2020 23:58:00,13594.31897
5/26/2020 23:58:00,13306.58024
5/27/2020 23:58:00,13909.66873
5/28/2020 23:58:00,14415.5117
5/29/2020 23:58:00,14139.80797
5/30/2020 23:58:00,14532.95331
5/31/2020 23:58:00,14185.44184
6/1/2020 23:58:00,15050.26937
6/2/2020 23:58:00,13772.50988
6/3/2020 23:58:00,13956.82585
6/4/2020 23:58:00,14095.66369
6/5/2020 23:58:00,13811.1484
6/6/2020 23:58:00,13862.46135
6/7/2020 23:58:00,13916.22021
6/8/2020 23:58:00,13928.19253
6/9/2020 23:58:00,14064.80784
6/10/2020 23:58:00,14202.66211
6/11/2020 23:58:00,13574.28615
6/12/2020 23:58:00,13795.91967
6/13/2020 23:58:00,13826.5643
6/14/2020 23:58:00,13675.97761
6/15/2020 23:58:00,13553.56695
6/16/2020 23:58:00,13813.30065
6/17/2020 23:58:00,13756.42117
6/18/2020 23:58:00,13682.0854
6/19/2020 23:58:00,13577.75727
6/20/2020 23:58:00,13688.99131
6/21/2020 23:58:00,13606.05232
6/22/2020 23:58:00,13990.00049
6/23/2020 23:58:00,13866.40475
6/24/2020 23:58:00,13526.04822
6/25/2020 23:58:00,13422.9438
6/26/2020 23:58:00,13339.64979
6/27/2020 23:58:00,13117.45829
6/28/2020 23:58:00,13295.8248
6/29/2020 23:58:00,13364.83507
6/30/2020 23:58:00,13240.87539
7/1/2020 23:58:00,13369.76012
7/2/2020 23:58:00,13139.9883
7/3/2020 23:58:00,13056.56818
7/4/2020 23:58:00,13157.92225
7/5/2020 23:58:00,13053.57638
7/6/2020 23:58:00,13395.24242
7/7/2020 23:58:00,13328.95874
7/8/2020 23:58:00,13504.05579
7/9/2020 23:58:00,13277.72376
7/10/2020 23:58:00,13366.63382
7/11/2020 23:58:00,13288.07267
7/12/2020 23:58:00,13371.35445
7/13/2020 23:58:00,13318.40901
7/14/2020 23:58:00,13253.17025
7/15/2020 23:58:00,13112.3181
7/16/2020 23:58:00,13087.88486
7/17/2020 23:58:00,13113.64943
7/18/2020 23:58:00,13118.16219
7/19/2020 23:58:00,13158.28013
7/20/2020 23:58:00,13060.10319
7/21/2020 23:58:00,13163.46918
7/22/2020 23:58:00,13357.53799
7/23/2020 23:58:00,13540.24854
7/24/2020 23:58:00,13432.50267
7/25/2020 23:58:00,13646.99957
7/26/2020 23:58:00,13999.41325
7/27/2020 23:58:00,15393.43026
7/28/2020 23:58:00,15260.6883
7/29/2020 23:58:00,15471.61621
7/30/2020 23:58:00,15436.7291
7/31/2020 23:58:00,15877.28821
8/1/2020 23:58:00,16531.69705
8/2/2020 23:58:00,15486.91237
8/3/2020 23:58:00,15785.87543
8/4/2020 23:58:00,15601.78783
8/5/2020 23:58:00,16330.90278
8/6/2020 23:58:00,16282.6238
8/7/2020 23:58:00,16234.34813
8/8/2020 23:58:00,16449.98274
8/9/2020 23:58:00,16332.49353
8/10/2020 23:58:00,16596.14628
8/11/2020 23:58:00,15939.44888
8/12/2020 23:58:00,16150.48212
8/13/2020 23:58:00,16490.49805
8/14/2020 23:58:00,16407.55469
8/15/2020 23:58:00,16535.41301
8/16/2020 23:58:00,16553.60823
8/17/2020 23:58:00,17057.81026
8/18/2020 23:58:00,16466.861
8/19/2020 23:58:00,16348.09932
8/20/2020 23:58:00,16463.30967
8/21/2020 23:58:00,16067.02005
8/22/2020 23:58:00,16314.5766
8/23/2020 23:58:00,16266.4057
8/24/2020 23:58:00,16395.31685
8/25/2020 23:58:00,15731.30534
8/26/2020 23:58:00,15822.94154
8/27/2020 23:58:00,15584.85375
8/28/2020 23:58:00,15657.66667
8/29/2020 23:58:00,15575.27219
8/30/2020 23:58:00,15892.56654
8/31/2020 23:58:00,15794.82103
9/1/2020 23:58:00,16167.01443
9/2/2020 23:58:00,15559.97574
9/3/2020 23:58:00,14149.57505
9/4/2020 23:58:00,14398.43727
9/5/2020 23:58:00,13965.52961
9/6/2020 23:58:00,14087.1906
9/7/2020 23:58:00,14253.33062
9/8/2020 23:58:00,14046.55633
9/9/2020 23:58:00,14039.30536
9/10/2020 23:58:00,14247.23216
9/11/2020 23:58:00,14255.79671
9/12/2020 23:58:00,14339.95395
9/13/2020 23:58:00,14182.71732
9/14/2020 23:58:00,14648.46003
9/15/2020 23:58:00,14779.33044
9/16/2020 23:58:00,15020.76745
9/17/2020 23:58:00,14965.09941
9/18/2020 23:58:00,15003.42812
9/19/2020 23:58:00,15198.90136
9/20/2020 23:58:00,14974.54635
9/21/2020 23:58:00,14406.23952
9/22/2020 23:58:00,14681.77524
9/23/2020 23:58:00,14482.95308
9/24/2020 23:58:00,15220.728
9/25/2020 23:58:00,15211.29864
9/26/2020 23:58:00,15275.47052
9/27/2020 23:58:00,15291.7845
9/28/2020 23:58:00,15074.48369
9/29/2020 23:58:00,15175.90957
9/30/2020 23:58:00,15042.39282
10/1/2020 23:58:00,14778.82824
10/2/2020 23:58:00,14758.65195
10/3/2020 23:58:00,14728.64078
10/4/2020 23:58:00,14872.31207
10/5/2020 23:58:00,15011.527
10/6/2020 23:58:00,14917.69177
10/7/2020 23:58:00,14951.44984
10/8/2020 23:58:00,15198.29986
10/9/2020 23:58:00,15282.74124
10/10/2020 23:58:00,15604.95328
10/11/2020 23:58:00,15754.94749
10/12/2020 23:58:00,16003.27959
10/13/2020 23:58:00,15954.08301
10/14/2020 23:58:00,16002.55114
10/15/2020 23:58:00,16225.08858
10/16/2020 23:58:00,16011.67815
10/17/2020 23:58:00,16053.94819
10/18/2020 23:58:00,16230.89991
10/19/2020 23:58:00,16677.0469
10/20/2020 23:58:00,16876.088
10/21/2020 23:58:00,18074.79381
10/22/2020 23:58:00,18224.79201
10/23/2020 23:58:00,18124.12896
10/24/2020 23:58:00,18392.13126
10/25/2020 23:58:00,18290.32233
10/26/2020 23:58:00,18383.51869
10/27/2020 23:58:00,19362.21669
10/28/2020 23:58:00,18835.75694
10/29/2020 23:58:00,19117.05746
10/30/2020 23:58:00,19307.44767
10/31/2020 23:58:00,19637.50896
11/1/2020 23:58:00,19617.84608
11/2/2020 23:58:00,19227.78553
11/3/2020 23:58:00,19517.48169
11/4/2020 23:58:00,19731.64507
11/5/2020 23:58:00,21498.45373
11/6/2020 23:58:00,21493.38622
11/7/2020 23:58:00,20438.13686
11/8/2020 23:58:00,21267.8859
11/9/2020 23:58:00,21047.59249
11/10/2020 23:58:00,21035.06061
11/11/2020 23:58:00,21556.86431
11/12/2020 23:58:00,22485.39045
11/13/2020 23:58:00,22466.65188
11/14/2020 23:58:00,22119.21496
11/15/2020 23:58:00,21918.24921
11/16/2020 23:58:00,22873.11459
11/17/2020 23:58:00,24241.69612
11/18/2020 23:58:00,24442.62444
11/19/2020 23:58:00,24545.16803
11/20/2020 23:58:00,25545.6608
11/21/2020 23:58:00,25632.36415
11/22/2020 23:58:00,25191.34247
11/23/2020 23:58:00,25215.60045
11/24/2020 23:58:00,25967.96736
11/25/2020 23:58:00,25491.66061
11/26/2020 23:58:00,23215.28305
11/27/2020 23:58:00,23221.74904
11/28/2020 23:58:00,23992.83365
11/29/2020 23:58:00,24581.51125
11/30/2020 23:58:00,26756.93361
12/1/2020 23:58:00,25569.83964
12/2/2020 23:58:00,25896.174
12/3/2020 23:58:00,26173.31848
12/4/2020 23:58:00,25241.78792
12/5/2020 23:58:00,25775.73198
12/6/2020 23:58:00,26036.94839
12/7/2020 23:58:00,25882.51059
12/8/2020 23:58:00,24726.28228
12/9/2020 23:58:00,24971.26897
12/10/2020 23:58:00,24291.03621
12/11/2020 23:58:00,23966.94681
12/12/2020 23:58:00,24968.80493
12/13/2020 23:58:00,25386.56971
12/14/2020 23:58:00,25573.37848
12/15/2020 23:58:00,25747.13447
12/16/2020 23:58:00,28216.11703
12/17/2020 23:58:00,29976.74697
12/18/2020 23:58:00,30347.94808
12/19/2020 23:58:00,31310.83376
12/20/2020 23:58:00,31011.48115
12/21/2020 23:58:00,30005.80828
12/22/2020 23:58:00,31551.20981
12/23/2020 23:58:00,30641.35179
12/24/2020 23:58:00,31227.68119
12/25/2020 23:58:00,32548.05524
12/26/2020 23:58:00,34838.42366
12/27/2020 23:58:00,34499.46773
12/28/2020 23:58:00,35633.3802
12/29/2020 23:58:00,35999.55632
12/30/2020 23:58:00,37584.47859
12/31/2020 23:58:00,37653.63251
1/1/2021 23:58:00,38200.38175
1/2/2021 23:58:00,41790.04751
1/3/2021 23:58:00,42903.86812
1/4/2021 23:58:00,41757.59642
1/5/2021 23:58:00,43896.11739
1/6/2021 23:58:00,47120.93857
1/7/2021 23:58:00,50843.618
1/8/2021 23:58:00,52375.09562
1/9/2021 23:58:00,51878.10108
1/10/2021 23:58:00,49470.64571
1/11/2021 23:58:00,46039.45724
1/12/2021 23:58:00,43786.06765
1/13/2021 23:58:00,48242.25793
1/14/2021 23:58:00,50327.43631
1/15/2021 23:58:00,47725.1404
1/16/2021 23:58:00,46995.47411
1/17/2021 23:58:00,46595.7714
1/18/2021 23:58:00,47755.875
1/19/2021 23:58:00,46592.35258
1/20/2021 23:58:00,45768.44375
1/21/2021 23:58:00,39760.19949
1/22/2021 23:58:00,42740.84388
1/23/2021 23:58:00,41614.38321
1/24/2021 23:58:00,41849.41544
1/25/2021 23:58:00,41826.34601
1/26/2021 23:58:00,42055.40659
1/27/2021 23:58:00,39766.91468
1/28/2021 23:58:00,43664.9077
1/29/2021 23:58:00,44734.40572
1/30/2021 23:58:00,44963.74082
1/31/2021 23:58:00,43604.62953
2/1/2021 23:58:00,43923.0963
2/2/2021 23:58:00,46678.82681
2/3/2021 23:58:00,49194.33828
2/4/2021 23:58:00,48677.83312
2/5/2021 23:58:00,49897.64852
2/6/2021 23:58:00,51143.28587
2/7/2021 23:58:00,50623.04051
2/8/2021 23:58:00,60172.17373
2/9/2021 23:58:00,60096.89896
2/10/2021 23:58:00,58061.4645
2/11/2021 23:58:00,61916.81102
2/12/2021 23:58:00,61155.41772
2/13/2021 23:58:00,60908.63613
2/14/2021 23:58:00,62702.56002
2/15/2021 23:58:00,61565.74056
2/16/2021 23:58:00,63530.59005
2/17/2021 23:58:00,67248.19804
2/18/2021 23:58:00,66420.6762
2/19/2021 23:58:00,71120.07453
2/20/2021 23:58:00,71289.57897
2/21/2021 23:58:00,72880.36929
2/22/2021 23:58:00,68402.06433
2/23/2021 23:58:00,61832.21205
2/24/2021 23:58:00,62346.82967
2/25/2021 23:58:00,59911.54444
2/26/2021 23:58:00,60116.16247
2/27/2021 23:58:00,59946.40696
2/28/2021 23:58:00,58384.85009
3/1/2021 23:58:00,63813.83027
3/2/2021 23:58:00,61998.64374
3/3/2021 23:58:00,64903.95883
3/4/2021 23:58:00,62940.36078
3/5/2021 23:58:00,63586.85352
3/6/2021 23:58:00,63626.661
3/7/2021 23:58:00,66082.30005
3/8/2021 23:58:00,68315.03866
3/9/2021 23:58:00,71180.86057
3/10/2021 23:58:00,72391.1335
3/11/2021 23:58:00,74231.98152
3/12/2021 23:58:00,73765.07651
3/13/2021 23:58:00,78933.28926
3/14/2021 23:58:00,76571.11107
3/15/2021 23:58:00,71945.86453
3/16/2021 23:58:00,73491.22508
3/17/2021 23:58:00,75423.31078
3/18/2021 23:58:00,74332.57974
3/19/2021 23:58:00,75037.19242
3/20/2021 23:58:00,75134.785
3/21/2021 23:58:00,74416.44252
3/22/2021 23:58:00,69767.7387
3/23/2021 23:58:00,71766.91685
3/24/2021 23:58:00,68852.36444
3/25/2021 23:58:00,67588.91732
3/26/2021 23:58:00,72066.03539
3/27/2021 23:58:00,73122.96657
3/28/2021 23:58:00,73034.80846
3/29/2021 23:58:00,75421.65488
3/30/2021 23:58:00,77271.72469
3/31/2021 23:58:00,77432.6028
4/1/2021 23:58:00,77098.95424
4/2/2021 23:58:00,77491.1434
4/3/2021 23:58:00,75015.51563
4/4/2021 23:58:00,76393.23331
4/5/2021 23:58:00,77200.44848
4/6/2021 23:58:00,75671.7352
4/7/2021 23:58:00,73477.66789
4/8/2021 23:58:00,75773.8588
4/9/2021 23:58:00,76217.02645
4/10/2021 23:58:00,78429.04497
4/11/2021 23:58:00,78653.75977
4/12/2021 23:58:00,78508.28165
4/13/2021 23:58:00,83119.31563
4/14/2021 23:58:00,81062.09216
4/15/2021 23:58:00,81585.21555
4/16/2021 23:58:00,79424.87818
4/17/2021 23:58:00,77761.96117
4/18/2021 23:58:00,72886.88425
4/19/2021 23:58:00,71683.57663
4/20/2021 23:58:00,73047.52914
4/21/2021 23:58:00,69379.8616
4/22/2021 23:58:00,67111.64909
4/23/2021 23:58:00,66011.33746
4/24/2021 23:58:00,64600.99414
4/25/2021 23:58:00,63325.02141
4/26/2021 23:58:00,69275.00634
4/27/2021 23:58:00,70880.88325
4/28/2021 23:58:00,70364.28197
4/29/2021 23:58:00,68908.93826
4/30/2021 23:58:00,75009.95756
5/1/2021 23:58:00,74974.96988
5/2/2021 23:58:00,73337.99826
5/3/2021 23:58:00,73718.4259
5/4/2021 23:58:00,69027.59093
5/5/2021 23:58:00,74196.84946
5/6/2021 23:58:00,72481.51134
5/7/2021 23:58:00,73165.38111
5/8/2021 23:58:00,75163.19588
5/9/2021 23:58:00,74091.47486
5/10/2021 23:58:00,71193.19681
5/11/2021 23:58:00,72394.70446
5/12/2021 23:58:00,63993.15682
5/13/2021 23:58:00,64312.65378
5/14/2021 23:58:00,65174.16508
5/15/2021 23:58:00,60181.23561
5/16/2021 23:58:00,59722.594
5/17/2021 23:58:00,56052.106
5/18/2021 23:58:00,55016.94498
5/19/2021 23:58:00,47849.78812
5/20/2021 23:58:00,51628.34001